"","name","y_rmse","mean1","mean2","var1","var2"
"1","rmse",0.127566842024163,0,0.01,1,0.01
"2","unif",0.50542972462468,0,0.01,1,0.01
"3","var",0.498153716757817,0,0.01,1,0.01
"4","y1",1.00643114971909,0,0.01,1,0.01
"5","y2",0.0993394401783007,0,0.01,1,0.01
"6","rmse",1.37930494572953,0,50,1,0.01
"7","unif",25.0023974763637,0,50,1,0.01
"8","var",25.4827450567561,0,50,1,0.01
"9","y1",0.997230451381868,0,50,1,0.01
"10","y2",49.9997687685463,0,50,1,0.01
"11","rmse",0.208251511971022,0,0.01,1,0.03
"12","unif",0.506856422113787,0,0.01,1,0.03
"13","var",0.500405507053309,0,0.01,1,0.03
"14","y1",0.999582128378538,0,0.01,1,0.03
"15","y2",0.173146856074003,0,0.01,1,0.03
"16","rmse",1.40008626939328,0,50,1,0.03
"17","unif",25.0060872837374,0,50,1,0.03
"18","var",25.345713019171,0,50,1,0.03
"19","y1",1.00886399235686,0,50,1,0.03
"20","y2",49.9997521044452,0,50,1,0.03
"21","rmse",0.259553871883955,0,0.01,1,0.05
"22","unif",0.51318786121273,0,0.01,1,0.05
"23","var",0.506607423047239,0,0.01,1,0.05
"24","y1",1.00039599955409,0,0.01,1,0.05
"25","y2",0.224012232828936,0,0.01,1,0.05
"26","rmse",1.38437517500693,0,50,1,0.05
"27","unif",25.0121182072768,0,50,1,0.05
"28","var",25.3628828595812,0,50,1,0.05
"29","y1",0.993028144933082,0,50,1,0.05
"30","y2",50.0037258671425,0,50,1,0.05
"31","rmse",0.292804940762967,0,0.01,1,0.07
"32","unif",0.512837069974976,0,0.01,1,0.07
"33","var",0.50697688941058,0,0.01,1,0.07
"34","y1",0.992315563796818,0,0.01,1,0.07
"35","y2",0.262067545369299,0,0.01,1,0.07
"36","rmse",1.39128389876389,0,50,1,0.07
"37","unif",25.0087162840121,0,50,1,0.07
"38","var",25.2967450016189,0,50,1,0.07
"39","y1",1.0022175819859,0,50,1,0.07
"40","y2",50.0048167635975,0,50,1,0.07
"41","rmse",0.330766291470645,0,0.01,1,0.09
"42","unif",0.524172797644481,0,0.01,1,0.09
"43","var",0.517737515604093,0,0.01,1,0.09
"44","y1",1.00178242719512,0,0.01,1,0.09
"45","y2",0.304168161621055,0,0.01,1,0.09
"46","rmse",1.38749176605432,0,50,1,0.09
"47","unif",25.0046894001271,0,50,1,0.09
"48","var",25.3490751835361,0,50,1,0.09
"49","y1",0.99919318365519,0,50,1,0.09
"50","y2",49.9963548928182,0,50,1,0.09
"51","rmse",0.351096324752513,0,0.01,1,0.11
"52","unif",0.525131492877095,0,0.01,1,0.11
"53","var",0.519783421148545,0,0.01,1,0.11
"54","y1",0.999364005498425,0,0.01,1,0.11
"55","y2",0.332371994563583,0,0.01,1,0.11
"56","rmse",1.38476033494158,0,50,1,0.11
"57","unif",25.0077869305437,0,50,1,0.11
"58","var",25.3329862097594,0,50,1,0.11
"59","y1",0.998257815234305,0,50,1,0.11
"60","y2",50.0046843247443,0,50,1,0.11
"61","rmse",0.380093050345746,0,0.01,1,0.13
"62","unif",0.534628233896923,0,0.01,1,0.13
"63","var",0.528796821283341,0,0.01,1,0.13
"64","y1",1.00286891010892,0,0.01,1,0.13
"65","y2",0.365918743839739,0,0.01,1,0.13
"66","rmse",1.3877142049692,0,50,1,0.13
"67","unif",25.0045119247023,0,50,1,0.13
"68","var",25.3654104560209,0,50,1,0.13
"69","y1",1.00277128918877,0,50,1,0.13
"70","y2",50.0026270800391,0,50,1,0.13
"71","rmse",0.393626365691457,0,0.01,1,0.15
"72","unif",0.536931032329838,0,0.01,1,0.15
"73","var",0.532190721309229,0,0.01,1,0.15
"74","y1",1.00076412924198,0,0.01,1,0.15
"75","y2",0.384167281851408,0,0.01,1,0.15
"76","rmse",1.37248929982828,0,50,1,0.15
"77","unif",25.0039931394398,0,50,1,0.15
"78","var",25.3526024454848,0,50,1,0.15
"79","y1",0.991919366459629,0,50,1,0.15
"80","y2",50.0024847734331,0,50,1,0.15
"81","rmse",0.415234102120129,0,0.01,1,0.17
"82","unif",0.544602061402084,0,0.01,1,0.17
"83","var",0.539714529020391,0,0.01,1,0.17
"84","y1",1.00871355269361,0,0.01,1,0.17
"85","y2",0.415490625343888,0,0.01,1,0.17
"86","rmse",1.39392418397124,0,50,1,0.17
"87","unif",25.0136325107416,0,50,1,0.17
"88","var",25.3425357458191,0,50,1,0.17
"89","y1",0.998512446331386,0,50,1,0.17
"90","y2",50.0036082078902,0,50,1,0.17
"91","rmse",0.430098786754201,0,0.01,1,0.19
"92","unif",0.547738064143617,0,0.01,1,0.19
"93","var",0.544431302767868,0,0.01,1,0.19
"94","y1",1.00433011868803,0,0.01,1,0.19
"95","y2",0.43564858481193,0,0.01,1,0.19
"96","rmse",1.37855063223765,0,50,1,0.19
"97","unif",24.9979759884072,0,50,1,0.19
"98","var",25.256151072751,0,50,1,0.19
"99","y1",0.999039831299365,0,50,1,0.19
"100","y2",49.9955047159227,0,50,1,0.19
"101","rmse",0.446691591063674,0,0.01,1,0.21
"102","unif",0.549426855167829,0,0.01,1,0.21
"103","var",0.545271831103345,0,0.01,1,0.21
"104","y1",0.997859469190361,0,0.01,1,0.21
"105","y2",0.463155275439833,0,0.01,1,0.21
"106","rmse",1.38579265303643,0,50,1,0.21
"107","unif",24.9995812962409,0,50,1,0.21
"108","var",25.3716719392295,0,50,1,0.21
"109","y1",1.00514995676254,0,50,1,0.21
"110","y2",50.0001239969236,0,50,1,0.21
"111","rmse",0.457446021903631,0,0.01,1,0.23
"112","unif",0.551358081382696,0,0.01,1,0.23
"113","var",0.547557086801143,0,0.01,1,0.23
"114","y1",0.994906221230191,0,0.01,1,0.23
"115","y2",0.481365731267566,0,0.01,1,0.23
"116","rmse",1.39860104127972,0,50,1,0.23
"117","unif",25.0153985395983,0,50,1,0.23
"118","var",25.2875747496744,0,50,1,0.23
"119","y1",1.00247497199307,0,50,1,0.23
"120","y2",50.0080940619204,0,50,1,0.23
"121","rmse",0.470867725953721,0,0.01,1,0.25
"122","unif",0.557519573424325,0,0.01,1,0.25
"123","var",0.553834686319881,0,0.01,1,0.25
"124","y1",0.995964124080218,0,0.01,1,0.25
"125","y2",0.499426646205448,0,0.01,1,0.25
"126","rmse",1.40568373867062,0,50,1,0.25
"127","unif",25.0161255943348,0,50,1,0.25
"128","var",25.3179786315171,0,50,1,0.25
"129","y1",1.00876658345017,0,50,1,0.25
"130","y2",50.0115525252698,0,50,1,0.25
"131","rmse",0.48404177290669,0,0.01,1,0.27
"132","unif",0.563436872996193,0,0.01,1,0.27
"133","var",0.559924813460916,0,0.01,1,0.27
"134","y1",1.00167518638133,0,0.01,1,0.27
"135","y2",0.522334565470779,0,0.01,1,0.27
"136","rmse",1.35441742734513,0,50,1,0.27
"137","unif",24.9972945239699,0,50,1,0.27
"138","var",25.2011089150899,0,50,1,0.27
"139","y1",0.985394883193034,0,50,1,0.27
"140","y2",50.0024083299457,0,50,1,0.27
"141","rmse",0.484606667132317,0,0.01,1,0.29
"142","unif",0.558797570712696,0,0.01,1,0.29
"143","var",0.555252363753349,0,0.01,1,0.29
"144","y1",0.997769549363093,0,0.01,1,0.29
"145","y2",0.534157596729978,0,0.01,1,0.29
"146","rmse",1.37109065101305,0,50,1,0.29
"147","unif",24.9958305216521,0,50,1,0.29
"148","var",25.2559595164032,0,50,1,0.29
"149","y1",0.999843147969767,0,50,1,0.29
"150","y2",50.0034460963173,0,50,1,0.29
"151","rmse",0.505940389661443,0,0.01,1,0.31
"152","unif",0.575568532659692,0,0.01,1,0.31
"153","var",0.572511824669288,0,0.01,1,0.31
"154","y1",1.00872914090125,0,0.01,1,0.31
"155","y2",0.554187110697087,0,0.01,1,0.31
"156","rmse",1.38048018840591,0,50,1,0.31
"157","unif",25.0119308161866,0,50,1,0.31
"158","var",25.2423237811762,0,50,1,0.31
"159","y1",0.991005626235514,0,50,1,0.31
"160","y2",50.0050516015057,0,50,1,0.31
"161","rmse",0.510519485624021,0,0.01,1,0.33
"162","unif",0.570564637096283,0,0.01,1,0.33
"163","var",0.568505260386057,0,0.01,1,0.33
"164","y1",0.996354459205772,0,0.01,1,0.33
"165","y2",0.574015191371227,0,0.01,1,0.33
"166","rmse",1.39299596261021,0,50,1,0.33
"167","unif",25.0152178746871,0,50,1,0.33
"168","var",25.1220615435408,0,50,1,0.33
"169","y1",0.996674375044256,0,50,1,0.33
"170","y2",50.0045359471352,0,50,1,0.33
"171","rmse",0.526404157177287,0,0.01,1,0.35
"172","unif",0.584787825326176,0,0.01,1,0.35
"173","var",0.58175500427993,0,0.01,1,0.35
"174","y1",1.00967081000222,0,0.01,1,0.35
"175","y2",0.588941184754325,0,0.01,1,0.35
"176","rmse",1.4010179065585,0,50,1,0.35
"177","unif",25.0074088566451,0,50,1,0.35
"178","var",25.2762562810703,0,50,1,0.35
"179","y1",1.01019621585255,0,50,1,0.35
"180","y2",50.0036405147211,0,50,1,0.35
"181","rmse",0.540594192825686,0,0.01,1,0.37
"182","unif",0.59238585271347,0,0.01,1,0.37
"183","var",0.589724914116299,0,0.01,1,0.37
"184","y1",1.00496391951309,0,0.01,1,0.37
"185","y2",0.60664181709388,0,0.01,1,0.37
"186","rmse",1.38292740727151,0,50,1,0.37
"187","unif",25.0028866427894,0,50,1,0.37
"188","var",25.2959279764796,0,50,1,0.37
"189","y1",1.00096823676358,0,50,1,0.37
"190","y2",50.0027731936911,0,50,1,0.37
"191","rmse",0.547865833010823,0,0.01,1,0.39
"192","unif",0.594832521021371,0,0.01,1,0.39
"193","var",0.592666575480185,0,0.01,1,0.39
"194","y1",1.01153241389409,0,0.01,1,0.39
"195","y2",0.629557842183522,0,0.01,1,0.39
"196","rmse",1.36948444573783,0,50,1,0.39
"197","unif",25.0020707888252,0,50,1,0.39
"198","var",25.2875365808136,0,50,1,0.39
"199","y1",0.99255853818663,0,50,1,0.39
"200","y2",50.0041960432896,0,50,1,0.39
"201","rmse",0.549628084997223,0,0.01,1,0.41
"202","unif",0.592214236389749,0,0.01,1,0.41
"203","var",0.590190115701356,0,0.01,1,0.41
"204","y1",0.999609405931812,0,0.01,1,0.41
"205","y2",0.636451403342682,0,0.01,1,0.41
"206","rmse",1.38395153822042,0,50,1,0.41
"207","unif",25.0099333346804,0,50,1,0.41
"208","var",25.3583181785204,0,50,1,0.41
"209","y1",0.994857538152004,0,50,1,0.41
"210","y2",50.0035342678043,0,50,1,0.41
"211","rmse",0.563988154622297,0,0.01,1,0.43
"212","unif",0.602785497733269,0,0.01,1,0.43
"213","var",0.600060100253077,0,0.01,1,0.43
"214","y1",1.00488669481838,0,0.01,1,0.43
"215","y2",0.655453254077021,0,0.01,1,0.43
"216","rmse",1.38146784580807,0,50,1,0.43
"217","unif",25.0048277024894,0,50,1,0.43
"218","var",25.152346773678,0,50,1,0.43
"219","y1",0.99646168420023,0,50,1,0.43
"220","y2",50.0000242242874,0,50,1,0.43
"221","rmse",0.566763147214878,0,0.01,1,0.45
"222","unif",0.599843271896515,0,0.01,1,0.45
"223","var",0.597626043862314,0,0.01,1,0.45
"224","y1",0.991632866531303,0,0.01,1,0.45
"225","y2",0.669123466777033,0,0.01,1,0.45
"226","rmse",1.3911459074503,0,50,1,0.45
"227","unif",25.0171724979635,0,50,1,0.45
"228","var",25.3232703006984,0,50,1,0.45
"229","y1",0.998030517167089,0,50,1,0.45
"230","y2",50.0137876983589,0,50,1,0.45
"231","rmse",0.573751691376203,0,0.01,1,0.47
"232","unif",0.608042233065512,0,0.01,1,0.47
"233","var",0.605838453688728,0,0.01,1,0.47
"234","y1",1.01520861058517,0,0.01,1,0.47
"235","y2",0.683626005116021,0,0.01,1,0.47
"236","rmse",1.40136126588006,0,50,1,0.47
"237","unif",25.0106329023689,0,50,1,0.47
"238","var",25.3029426381939,0,50,1,0.47
"239","y1",1.01064470661367,0,50,1,0.47
"240","y2",50.0104702876081,0,50,1,0.47
"241","rmse",0.586213998472478,0,0.01,1,0.49
"242","unif",0.612025443089545,0,0.01,1,0.49
"243","var",0.610964414910097,0,0.01,1,0.49
"244","y1",0.99454059832007,0,0.01,1,0.49
"245","y2",0.706316196330661,0,0.01,1,0.49
"246","rmse",1.39482313442121,0,50,1,0.49
"247","unif",25.0115452653398,0,50,1,0.49
"248","var",25.1927285524391,0,50,1,0.49
"249","y1",1.00454779355377,0,50,1,0.49
"250","y2",50.009895367214,0,50,1,0.49
"251","rmse",0.590870396313091,0,0.01,1,0.51
"252","unif",0.61353919708946,0,0.01,1,0.51
"253","var",0.61201663424591,0,0.01,1,0.51
"254","y1",0.989699515160108,0,0.01,1,0.51
"255","y2",0.719023902194239,0,0.01,1,0.51
"256","rmse",1.39172879506765,0,50,1,0.51
"257","unif",25.0056369532076,0,50,1,0.51
"258","var",25.2167209068304,0,50,1,0.51
"259","y1",1.00908101817934,0,50,1,0.51
"260","y2",50.01131553362,0,50,1,0.51
"261","rmse",0.594970015436473,0,0.01,1,0.53
"262","unif",0.61874458955647,0,0.01,1,0.53
"263","var",0.617852600550016,0,0.01,1,0.53
"264","y1",1.00138868199691,0,0.01,1,0.53
"265","y2",0.722966517685974,0,0.01,1,0.53
"266","rmse",1.3827588907513,0,50,1,0.53
"267","unif",25.0206147620262,0,50,1,0.53
"268","var",25.1251415371211,0,50,1,0.53
"269","y1",0.990318254556829,0,50,1,0.53
"270","y2",50.0177867604593,0,50,1,0.53
"271","rmse",0.599613031690976,0,0.01,1,0.55
"272","unif",0.618113338763111,0,0.01,1,0.55
"273","var",0.616450337087077,0,0.01,1,0.55
"274","y1",0.989684327104714,0,0.01,1,0.55
"275","y2",0.743638081576789,0,0.01,1,0.55
"276","rmse",1.38405690479194,0,50,1,0.55
"277","unif",25.0119865771435,0,50,1,0.55
"278","var",25.1898380715627,0,50,1,0.55
"279","y1",0.995967211464695,0,50,1,0.55
"280","y2",50.0096534884412,0,50,1,0.55
"281","rmse",0.610276056799609,0,0.01,1,0.57
"282","unif",0.626562408931677,0,0.01,1,0.57
"283","var",0.625957946040152,0,0.01,1,0.57
"284","y1",0.99638155875103,0,0.01,1,0.57
"285","y2",0.763789707813615,0,0.01,1,0.57
"286","rmse",1.3761027386868,0,50,1,0.57
"287","unif",25.010698248732,0,50,1,0.57
"288","var",25.1035330006097,0,50,1,0.57
"289","y1",0.991843138657754,0,50,1,0.57
"290","y2",50.0105486446525,0,50,1,0.57
"291","rmse",0.61262556446014,0,0.01,1,0.59
"292","unif",0.630171284337051,0,0.01,1,0.59
"293","var",0.629082082380496,0,0.01,1,0.59
"294","y1",1.0018095194671,0,0.01,1,0.59
"295","y2",0.760094400420863,0,0.01,1,0.59
"296","rmse",1.36968252853245,0,50,1,0.59
"297","unif",25.0054099807178,0,50,1,0.59
"298","var",25.0965683149566,0,50,1,0.59
"299","y1",0.988742202719559,0,50,1,0.59
"300","y2",50.0032027889844,0,50,1,0.59
"301","rmse",0.624065843068232,0,0.01,1,0.61
"302","unif",0.638586087586808,0,0.01,1,0.61
"303","var",0.637322893604309,0,0.01,1,0.61
"304","y1",1.00500869039768,0,0.01,1,0.61
"305","y2",0.783497137947828,0,0.01,1,0.61
"306","rmse",1.36754994327796,0,50,1,0.61
"307","unif",24.9976188952573,0,50,1,0.61
"308","var",25.172437363215,0,50,1,0.61
"309","y1",0.994994958389466,0,50,1,0.61
"310","y2",50.0027596307102,0,50,1,0.61
"311","rmse",0.630003431353068,0,0.01,1,0.63
"312","unif",0.643918314118191,0,0.01,1,0.63
"313","var",0.643620325477632,0,0.01,1,0.63
"314","y1",1.01921953228156,0,0.01,1,0.63
"315","y2",0.800800909522013,0,0.01,1,0.63
"316","rmse",1.39726735930739,0,50,1,0.63
"317","unif",25.0072720703113,0,50,1,0.63
"318","var",25.1643638392148,0,50,1,0.63
"319","y1",1.0039108266588,0,50,1,0.63
"320","y2",49.9965620341989,0,50,1,0.63
"321","rmse",0.629205346824503,0,0.01,1,0.65
"322","unif",0.640574876375555,0,0.01,1,0.65
"323","var",0.640529553405545,0,0.01,1,0.65
"324","y1",1.00300781673503,0,0.01,1,0.65
"325","y2",0.806117657463582,0,0.01,1,0.65
"326","rmse",1.38626484892268,0,50,1,0.65
"327","unif",25.015045748883,0,50,1,0.65
"328","var",25.0869146073423,0,50,1,0.65
"329","y1",0.991002957295719,0,50,1,0.65
"330","y2",50.0028797758877,0,50,1,0.65
"331","rmse",0.639819352290557,0,0.01,1,0.67
"332","unif",0.647449414598372,0,0.01,1,0.67
"333","var",0.647157057336726,0,0.01,1,0.67
"334","y1",0.991446289356717,0,0.01,1,0.67
"335","y2",0.829487352886854,0,0.01,1,0.67
"336","rmse",1.38886774997168,0,50,1,0.67
"337","unif",25.0080483284863,0,50,1,0.67
"338","var",25.2075370872708,0,50,1,0.67
"339","y1",0.997197898248755,0,50,1,0.67
"340","y2",49.9972005775926,0,50,1,0.67
"341","rmse",0.640596896096937,0,0.01,1,0.69
"342","unif",0.64761072509659,0,0.01,1,0.69
"343","var",0.64702750372835,0,0.01,1,0.69
"344","y1",0.985475077041152,0,0.01,1,0.69
"345","y2",0.830330188923678,0,0.01,1,0.69
"346","rmse",1.38838092424473,0,50,1,0.69
"347","unif",25.0140479065336,0,50,1,0.69
"348","var",25.0819393944039,0,50,1,0.69
"349","y1",1.0040255080846,0,50,1,0.69
"350","y2",50.0231881249667,0,50,1,0.69
"351","rmse",0.649837345082225,0,0.01,1,0.71
"352","unif",0.657601099053675,0,0.01,1,0.71
"353","var",0.656954935146097,0,0.01,1,0.71
"354","y1",1.00529911242499,0,0.01,1,0.71
"355","y2",0.840753990513645,0,0.01,1,0.71
"356","rmse",1.38591151992959,0,50,1,0.71
"357","unif",25.015040223113,0,50,1,0.71
"358","var",25.0659701310557,0,50,1,0.71
"359","y1",0.994930411929177,0,50,1,0.71
"360","y2",50.0110603601427,0,50,1,0.71
"361","rmse",0.656215311772736,0,0.01,1,0.73
"362","unif",0.661884090253112,0,0.01,1,0.73
"363","var",0.661285469993225,0,0.01,1,0.73
"364","y1",0.999015020915012,0,0.01,1,0.73
"365","y2",0.857970491238256,0,0.01,1,0.73
"366","rmse",1.37912033269322,0,50,1,0.73
"367","unif",25.0038275604052,0,50,1,0.73
"368","var",25.0307747597742,0,50,1,0.73
"369","y1",0.995269215566806,0,50,1,0.73
"370","y2",49.9990937832273,0,50,1,0.73
"371","rmse",0.651903193176551,0,0.01,1,0.75
"372","unif",0.658428685906451,0,0.01,1,0.75
"373","var",0.658098354610907,0,0.01,1,0.75
"374","y1",1.00555216650473,0,0.01,1,0.75
"375","y2",0.854284047358672,0,0.01,1,0.75
"376","rmse",1.36543352755402,0,50,1,0.75
"377","unif",25.0130084512756,0,50,1,0.75
"378","var",25.2051789070205,0,50,1,0.75
"379","y1",0.984483636433079,0,50,1,0.75
"380","y2",50.0162729080822,0,50,1,0.75
"381","rmse",0.659315060416568,0,0.01,1,0.77
"382","unif",0.662966917393536,0,0.01,1,0.77
"383","var",0.662660706787434,0,0.01,1,0.77
"384","y1",0.992751979665293,0,0.01,1,0.77
"385","y2",0.87920163577609,0,0.01,1,0.77
"386","rmse",1.37388393369727,0,50,1,0.77
"387","unif",25.0103736161642,0,50,1,0.77
"388","var",25.120233906588,0,50,1,0.77
"389","y1",0.994982764978634,0,50,1,0.77
"390","y2",50.0191843526956,0,50,1,0.77
"391","rmse",0.669707968828018,0,0.01,1,0.79
"392","unif",0.672480787990661,0,0.01,1,0.79
"393","var",0.672497802845041,0,0.01,1,0.79
"394","y1",0.998099436133804,0,0.01,1,0.79
"395","y2",0.898482686229776,0,0.01,1,0.79
"396","rmse",1.39959768892484,0,50,1,0.79
"397","unif",25.0235867982366,0,50,1,0.79
"398","var",25.1717710872273,0,50,1,0.79
"399","y1",1.00068831948468,0,50,1,0.79
"400","y2",50.0195426399522,0,50,1,0.79
"401","rmse",0.67256513702156,0,0.01,1,0.81
"402","unif",0.674928122208511,0,0.01,1,0.81
"403","var",0.67446448818718,0,0.01,1,0.81
"404","y1",0.995819382820569,0,0.01,1,0.81
"405","y2",0.903753340742223,0,0.01,1,0.81
"406","rmse",1.38820226180071,0,50,1,0.81
"407","unif",25.0060707831435,0,50,1,0.81
"408","var",25.1259795086221,0,50,1,0.81
"409","y1",1.00049874013618,0,50,1,0.81
"410","y2",50.0006321166662,0,50,1,0.81
"411","rmse",0.684445670754596,0,0.01,1,0.83
"412","unif",0.68681934160932,0,0.01,1,0.83
"413","var",0.686742685553666,0,0.01,1,0.83
"414","y1",1.01193217447565,0,0.01,1,0.83
"415","y2",0.918884683853395,0,0.01,1,0.83
"416","rmse",1.38724628910679,0,50,1,0.83
"417","unif",25.0010493216021,0,50,1,0.83
"418","var",25.0598441836839,0,50,1,0.83
"419","y1",1.00404717334967,0,50,1,0.83
"420","y2",49.9988406430655,0,50,1,0.83
"421","rmse",0.676555875459921,0,0.01,1,0.85
"422","unif",0.677727175048051,0,0.01,1,0.85
"423","var",0.677682380960948,0,0.01,1,0.85
"424","y1",0.988548132560125,0,0.01,1,0.85
"425","y2",0.923538829398556,0,0.01,1,0.85
"426","rmse",1.36956156997504,0,50,1,0.85
"427","unif",25.0013096915148,0,50,1,0.85
"428","var",25.0138637463543,0,50,1,0.85
"429","y1",1.00179045570618,0,50,1,0.85
"430","y2",50.0203337096336,0,50,1,0.85
"431","rmse",0.680635747745976,0,0.01,1,0.87
"432","unif",0.68269617181784,0,0.01,1,0.87
"433","var",0.682474930753139,0,0.01,1,0.87
"434","y1",1.00307157737633,0,0.01,1,0.87
"435","y2",0.916633177459903,0,0.01,1,0.87
"436","rmse",1.39337871831989,0,50,1,0.87
"437","unif",25.0146061458835,0,50,1,0.87
"438","var",25.0091787811922,0,50,1,0.87
"439","y1",1.00140393283132,0,50,1,0.87
"440","y2",50.011992895976,0,50,1,0.87
"441","rmse",0.685955702372079,0,0.01,1,0.89
"442","unif",0.687471613350565,0,0.01,1,0.89
"443","var",0.687314044033158,0,0.01,1,0.89
"444","y1",1.01155277519017,0,0.01,1,0.89
"445","y2",0.936953109041502,0,0.01,1,0.89
"446","rmse",1.36228902703587,0,50,1,0.89
"447","unif",25.0006829565134,0,50,1,0.89
"448","var",25.0754518237106,0,50,1,0.89
"449","y1",0.987533264590091,0,50,1,0.89
"450","y2",50.0020359210531,0,50,1,0.89
"451","rmse",0.698535110501913,0,0.01,1,0.91
"452","unif",0.699244751374843,0,0.01,1,0.91
"453","var",0.699108308886102,0,0.01,1,0.91
"454","y1",1.01188467145938,0,0.01,1,0.91
"455","y2",0.960489124552169,0,0.01,1,0.91
"456","rmse",1.39015396972298,0,50,1,0.91
"457","unif",25.0053395132997,0,50,1,0.91
"458","var",25.1003361302781,0,50,1,0.91
"459","y1",1.00933283369616,0,50,1,0.91
"460","y2",50.0134676642073,0,50,1,0.91
"461","rmse",0.696507602472651,0,0.01,1,0.93
"462","unif",0.697064207334264,0,0.01,1,0.93
"463","var",0.69695353042744,0,0.01,1,0.93
"464","y1",1.00290798420996,0,0.01,1,0.93
"465","y2",0.957506143489533,0,0.01,1,0.93
"466","rmse",1.40754706742945,0,50,1,0.93
"467","unif",25.0273487053222,0,50,1,0.93
"468","var",24.9869377441505,0,50,1,0.93
"469","y1",1.01152087900861,0,50,1,0.93
"470","y2",50.0366905121288,0,50,1,0.93
"471","rmse",0.695308816217222,0,0.01,1,0.95
"472","unif",0.695592268647005,0,0.01,1,0.95
"473","var",0.695577599333273,0,0.01,1,0.95
"474","y1",1.00546596385935,0,0.01,1,0.95
"475","y2",0.972978426115101,0,0.01,1,0.95
"476","rmse",1.40068453854401,0,50,1,0.95
"477","unif",25.0122350216421,0,50,1,0.95
"478","var",25.0051629450875,0,50,1,0.95
"479","y1",1.00878694818706,0,50,1,0.95
"480","y2",50.0110451592693,0,50,1,0.95
"481","rmse",0.700756857210149,0,0.01,1,0.97
"482","unif",0.700886888858768,0,0.01,1,0.97
"483","var",0.700834286188238,0,0.01,1,0.97
"484","y1",0.998461927242691,0,0.01,1,0.97
"485","y2",0.976443039612695,0,0.01,1,0.97
"486","rmse",1.37277943358573,0,50,1,0.97
"487","unif",24.9874832756935,0,50,1,0.97
"488","var",25.1309576575697,0,50,1,0.97
"489","y1",1.0000567955183,0,50,1,0.97
"490","y2",49.9847328009856,0,50,1,0.97
"491","rmse",0.697372206794985,0,0.01,1,0.99
"492","unif",0.697435088769559,0,0.01,1,0.99
"493","var",0.697431822354574,0,0.01,1,0.99
"494","y1",0.998894899098887,0,0.01,1,0.99
"495","y2",0.983575907186771,0,0.01,1,0.99
"496","rmse",1.37691527005557,0,50,1,0.99
"497","unif",24.9960680540269,0,50,1,0.99
"498","var",24.9009504959087,0,50,1,0.99
"499","y1",0.994691628194742,0,50,1,0.99
"500","y2",49.9856182492916,0,50,1,0.99
"501","rmse",0.709255211979759,0,0.01,1,1
"502","unif",0.709346494894371,0,0.01,1,1
"503","var",0.709369595250167,0,0.01,1,1
"504","y1",1.00823814992319,0,0.01,1,1
"505","y2",0.989680986288344,0,0.01,1,1
"506","rmse",1.39630026192597,0,50,1,1
"507","unif",25.0251003483369,0,50,1,1
"508","var",24.9585943939362,0,50,1,1
"509","y1",1.00076484194991,0,50,1,1
"510","y2",50.0275172549963,0,50,1,1
"511","rmse",0.832400883836863,0,0.01,1,2.1123595505618
"512","unif",0.87277461841372,0,0.01,1,2.1123595505618
"513","var",0.869183118966477,0,0.01,1,2.1123595505618
"514","y1",1.00575746487761,0,0.01,1,2.1123595505618
"515","y2",1.43720550428414,0,0.01,1,2.1123595505618
"516","rmse",1.40249712644475,0,50,1,2.1123595505618
"517","unif",25.0235147828426,0,50,1,2.1123595505618
"518","var",24.6554915288041,0,50,1,2.1123595505618
"519","y1",1.00874775275336,0,50,1,2.1123595505618
"520","y2",50.0309281887065,0,50,1,2.1123595505618
"521","rmse",0.914839911818241,0,0.01,1,3.2247191011236
"522","unif",1.03979176589239,0,0.01,1,3.2247191011236
"523","var",1.02118434348413,0,0.01,1,3.2247191011236
"524","y1",0.99606983091452,0,0.01,1,3.2247191011236
"525","y2",1.81312149889208,0,0.01,1,3.2247191011236
"526","rmse",1.37767351538394,0,50,1,3.2247191011236
"527","unif",25.0307968017253,0,50,1,3.2247191011236
"528","var",24.2453125285567,0,50,1,3.2247191011236
"529","y1",0.989089430419794,0,50,1,3.2247191011236
"530","y2",50.0431497083246,0,50,1,3.2247191011236
"531","rmse",0.960160356887839,0,0.01,1,4.33707865168539
"532","unif",1.16281306735735,0,0.01,1,4.33707865168539
"533","var",1.12919312034813,0,0.01,1,4.33707865168539
"534","y1",1.00639221418686,0,0.01,1,4.33707865168539
"535","y2",2.1011137411627,0,0.01,1,4.33707865168539
"536","rmse",1.38967977576293,0,50,1,4.33707865168539
"537","unif",25.0149387421898,0,50,1,4.33707865168539
"538","var",23.8098414160614,0,50,1,4.33707865168539
"539","y1",1.0006510107032,0,50,1,4.33707865168539
"540","y2",50.0165461724169,0,50,1,4.33707865168539
"541","rmse",0.988447547241789,0,0.01,1,5.44943820224719
"542","unif",1.26589875983126,0,0.01,1,5.44943820224719
"543","var",1.21695120555644,0,0.01,1,5.44943820224719
"544","y1",1.00142910018821,0,0.01,1,5.44943820224719
"545","y2",2.32933028555754,0,0.01,1,5.44943820224719
"546","rmse",1.37722416252552,0,50,1,5.44943820224719
"547","unif",25.032822421268,0,50,1,5.44943820224719
"548","var",23.6322842118865,0,50,1,5.44943820224719
"549","y1",0.990519696325232,0,50,1,5.44943820224719
"550","y2",50.0506437707108,0,50,1,5.44943820224719
"551","rmse",1.01599354298817,0,0.01,1,6.56179775280899
"552","unif",1.37372071418055,0,0.01,1,6.56179775280899
"553","var",1.30133608604456,0,0.01,1,6.56179775280899
"554","y1",0.993665738587838,0,0.01,1,6.56179775280899
"555","y2",2.55263639929557,0,0.01,1,6.56179775280899
"556","rmse",1.37722619054218,0,50,1,6.56179775280899
"557","unif",25.0206810512426,0,50,1,6.56179775280899
"558","var",23.2300160256823,0,50,1,6.56179775280899
"559","y1",0.990713270164389,0,50,1,6.56179775280899
"560","y2",50.0267115608516,0,50,1,6.56179775280899
"561","rmse",1.04221948065579,0,0.01,1,7.67415730337079
"562","unif",1.4899519062078,0,0.01,1,7.67415730337079
"563","var",1.3853699154657,0,0.01,1,7.67415730337079
"564","y1",1.00182947693106,0,0.01,1,7.67415730337079
"565","y2",2.81086157682189,0,0.01,1,7.67415730337079
"566","rmse",1.38733566162827,0,50,1,7.67415730337079
"567","unif",25.0276280764613,0,50,1,7.67415730337079
"568","var",22.8531286917421,0,50,1,7.67415730337079
"569","y1",1.00208038234918,0,50,1,7.67415730337079
"570","y2",50.0481108277531,0,50,1,7.67415730337079
"571","rmse",1.06678825159166,0,0.01,1,8.78651685393259
"572","unif",1.56749715999366,0,0.01,1,8.78651685393259
"573","var",1.44807558956498,0,0.01,1,8.78651685393259
"574","y1",1.00082841595735,0,0.01,1,8.78651685393259
"575","y2",2.95251050083392,0,0.01,1,8.78651685393259
"576","rmse",1.40590082034324,0,50,1,8.78651685393259
"577","unif",25.0545010649771,0,50,1,8.78651685393259
"578","var",22.4472370862012,0,50,1,8.78651685393259
"579","y1",1.00623767772067,0,50,1,8.78651685393259
"580","y2",50.0831239565956,0,50,1,8.78651685393259
"581","rmse",1.05919699091144,0,0.01,1,9.89887640449438
"582","unif",1.65167301375815,0,0.01,1,9.89887640449438
"583","var",1.4976228213733,0,0.01,1,9.89887640449438
"584","y1",0.996487312278797,0,0.01,1,9.89887640449438
"585","y2",3.17419662658354,0,0.01,1,9.89887640449438
"586","rmse",1.38473382985462,0,50,1,9.89887640449438
"587","unif",25.030712058419,0,50,1,9.89887640449438
"588","var",22.3466995364306,0,50,1,9.89887640449438
"589","y1",1.00441799064551,0,50,1,9.89887640449438
"590","y2",50.0625533042854,0,50,1,9.89887640449438
"591","rmse",1.08469252709627,0,0.01,1,11.0112359550562
"592","unif",1.72698520067401,0,0.01,1,11.0112359550562
"593","var",1.5515187952354,0,0.01,1,11.0112359550562
"594","y1",0.995453801369572,0,0.01,1,11.0112359550562
"595","y2",3.30186053977761,0,0.01,1,11.0112359550562
"596","rmse",1.35199643298717,0,50,1,11.0112359550562
"597","unif",25.0890129409041,0,50,1,11.0112359550562
"598","var",21.8103960382163,0,50,1,11.0112359550562
"599","y1",0.97942206640266,0,50,1,11.0112359550562
"600","y2",50.1779560722871,0,50,1,11.0112359550562
"601","rmse",1.09318062608925,0,0.01,1,12.123595505618
"602","unif",1.82042312677137,0,0.01,1,12.123595505618
"603","var",1.60229305841761,0,0.01,1,12.123595505618
"604","y1",1.0009673854901,0,0.01,1,12.123595505618
"605","y2",3.51638432873244,0,0.01,1,12.123595505618
"606","rmse",1.38575039798118,0,50,1,12.123595505618
"607","unif",25.0522868287117,0,50,1,12.123595505618
"608","var",21.2556142211897,0,50,1,12.123595505618
"609","y1",0.995809155132715,0,50,1,12.123595505618
"610","y2",50.0875737624351,0,50,1,12.123595505618
"611","rmse",1.1075695335211,0,0.01,1,13.2359550561798
"612","unif",1.87492135659531,0,0.01,1,13.2359550561798
"613","var",1.63531722135655,0,0.01,1,13.2359550561798
"614","y1",0.996066991243557,0,0.01,1,13.2359550561798
"615","y2",3.60856567819721,0,0.01,1,13.2359550561798
"616","rmse",1.39313012748493,0,50,1,13.2359550561798
"617","unif",25.0740419961991,0,50,1,13.2359550561798
"618","var",21.3791356862543,0,50,1,13.2359550561798
"619","y1",0.997558807290832,0,50,1,13.2359550561798
"620","y2",50.123835858357,0,50,1,13.2359550561798
"621","rmse",1.12327259814341,0,0.01,1,14.3483146067416
"622","unif",1.96916391903796,0,0.01,1,14.3483146067416
"623","var",1.69456790100669,0,0.01,1,14.3483146067416
"624","y1",1.00491975752156,0,0.01,1,14.3483146067416
"625","y2",3.81029114134731,0,0.01,1,14.3483146067416
"626","rmse",1.38800724664493,0,50,1,14.3483146067416
"627","unif",25.0863247860549,0,50,1,14.3483146067416
"628","var",20.9940640221418,0,50,1,14.3483146067416
"629","y1",1.00080005653786,0,50,1,14.3483146067416
"630","y2",50.1621652528947,0,50,1,14.3483146067416
"631","rmse",1.12442708331326,0,0.01,1,15.4606741573034
"632","unif",2.01212747536688,0,0.01,1,15.4606741573034
"633","var",1.70520604269413,0,0.01,1,15.4606741573034
"634","y1",1.01075621976947,0,0.01,1,15.4606741573034
"635","y2",3.91610388882741,0,0.01,1,15.4606741573034
"636","rmse",1.38976759601648,0,50,1,15.4606741573034
"637","unif",25.1055468355585,0,50,1,15.4606741573034
"638","var",20.7299195430735,0,50,1,15.4606741573034
"639","y1",0.995780893703894,0,50,1,15.4606741573034
"640","y2",50.1883164743793,0,50,1,15.4606741573034
"641","rmse",1.12525901908855,0,0.01,1,16.5730337078652
"642","unif",2.098655357175,0,0.01,1,16.5730337078652
"643","var",1.76382515094342,0,0.01,1,16.5730337078652
"644","y1",0.985553938502971,0,0.01,1,16.5730337078652
"645","y2",4.07481851174666,0,0.01,1,16.5730337078652
"646","rmse",1.38469385490065,0,50,1,16.5730337078652
"647","unif",25.0577697985812,0,50,1,16.5730337078652
"648","var",20.4040864467881,0,50,1,16.5730337078652
"649","y1",1.00340873010011,0,50,1,16.5730337078652
"650","y2",50.1148286875313,0,50,1,16.5730337078652
"651","rmse",1.13921894411683,0,0.01,1,17.685393258427
"652","unif",2.16094615157571,0,0.01,1,17.685393258427
"653","var",1.7750711511715,0,0.01,1,17.685393258427
"654","y1",1.00109134387213,0,0.01,1,17.685393258427
"655","y2",4.21255727487426,0,0.01,1,17.685393258427
"656","rmse",1.38257938279913,0,50,1,17.685393258427
"657","unif",25.0647386111351,0,50,1,17.685393258427
"658","var",20.1504205632925,0,50,1,17.685393258427
"659","y1",0.989461887058934,0,50,1,17.685393258427
"660","y2",50.1047059420144,0,50,1,17.685393258427
"661","rmse",1.14960974093079,0,0.01,1,18.7977528089888
"662","unif",2.22971456608399,0,0.01,1,18.7977528089888
"663","var",1.82715370501041,0,0.01,1,18.7977528089888
"664","y1",0.99854090207008,0,0.01,1,18.7977528089888
"665","y2",4.34374618194826,0,0.01,1,18.7977528089888
"666","rmse",1.39032840479424,0,50,1,18.7977528089888
"667","unif",25.1031799727069,0,50,1,18.7977528089888
"668","var",19.8139798102409,0,50,1,18.7977528089888
"669","y1",1.00785602479924,0,50,1,18.7977528089888
"670","y2",50.2062392402904,0,50,1,18.7977528089888
"671","rmse",1.13931506325869,0,0.01,1,19.9101123595506
"672","unif",2.28724718738324,0,0.01,1,19.9101123595506
"673","var",1.86202478138495,0,0.01,1,19.9101123595506
"674","y1",0.985977039125558,0,0.01,1,19.9101123595506
"675","y2",4.47248486714394,0,0.01,1,19.9101123595506
"676","rmse",1.37968550373977,0,50,1,19.9101123595506
"677","unif",25.0933368982609,0,50,1,19.9101123595506
"678","var",19.7876792522677,0,50,1,19.9101123595506
"679","y1",1.00033132905054,0,50,1,19.9101123595506
"680","y2",50.1872784675651,0,50,1,19.9101123595506
"681","rmse",1.14277427111482,0,0.01,1,21.0224719101124
"682","unif",2.34284976288638,0,0.01,1,21.0224719101124
"683","var",1.86798706096863,0,0.01,1,21.0224719101124
"684","y1",0.991250229986686,0,0.01,1,21.0224719101124
"685","y2",4.59753358314652,0,0.01,1,21.0224719101124
"686","rmse",1.37868210667912,0,50,1,21.0224719101124
"687","unif",25.1737111795255,0,50,1,21.0224719101124
"688","var",19.5655194716151,0,50,1,21.0224719101124
"689","y1",0.987886704035968,0,50,1,21.0224719101124
"690","y2",50.3254420163301,0,50,1,21.0224719101124
"691","rmse",1.15435133222172,0,0.01,1,22.1348314606742
"692","unif",2.38350465537897,0,0.01,1,22.1348314606742
"693","var",1.89236439755357,0,0.01,1,22.1348314606742
"694","y1",0.987598008682172,0,0.01,1,22.1348314606742
"695","y2",4.66032775097081,0,0.01,1,22.1348314606742
"696","rmse",1.37222712705452,0,50,1,22.1348314606742
"697","unif",25.1253570045786,0,50,1,22.1348314606742
"698","var",19.2629699438697,0,50,1,22.1348314606742
"699","y1",0.996554734832674,0,50,1,22.1348314606742
"700","y2",50.2547887392924,0,50,1,22.1348314606742
"701","rmse",1.16817020963733,0,0.01,1,23.247191011236
"702","unif",2.41894462580684,0,0.01,1,23.247191011236
"703","var",1.9117125000645,0,0.01,1,23.247191011236
"704","y1",1.00769302532339,0,0.01,1,23.247191011236
"705","y2",4.74419756844228,0,0.01,1,23.247191011236
"706","rmse",1.39800054476956,0,50,1,23.247191011236
"707","unif",25.1172660218352,0,50,1,23.247191011236
"708","var",18.9489295912794,0,50,1,23.247191011236
"709","y1",1.00850956509286,0,50,1,23.247191011236
"710","y2",50.2246558459433,0,50,1,23.247191011236
"711","rmse",1.17604536540524,0,0.01,1,24.3595505617978
"712","unif",2.53721907158634,0,0.01,1,24.3595505617978
"713","var",1.93713534284804,0,0.01,1,24.3595505617978
"714","y1",0.99755614961019,0,0.01,1,24.3595505617978
"715","y2",4.9737804190775,0,0.01,1,24.3595505617978
"716","rmse",1.38884564727627,0,50,1,24.3595505617978
"717","unif",25.1091097364416,0,50,1,24.3595505617978
"718","var",18.7280333919322,0,50,1,24.3595505617978
"719","y1",0.998258834766765,0,50,1,24.3595505617978
"720","y2",50.2016226363008,0,50,1,24.3595505617978
"721","rmse",1.17044747212836,0,0.01,1,25.4719101123596
"722","unif",2.55268477363345,0,0.01,1,25.4719101123596
"723","var",1.95735286306915,0,0.01,1,25.4719101123596
"724","y1",0.99025347447368,0,0.01,1,25.4719101123596
"725","y2",5.00623869513641,0,0.01,1,25.4719101123596
"726","rmse",1.3819954511713,0,50,1,25.4719101123596
"727","unif",25.1481656121315,0,50,1,25.4719101123596
"728","var",18.5187187808878,0,50,1,25.4719101123596
"729","y1",0.998385744072114,0,50,1,25.4719101123596
"730","y2",50.2899523800712,0,50,1,25.4719101123596
"731","rmse",1.15996760141722,0,0.01,1,26.5842696629214
"732","unif",2.60650403912773,0,0.01,1,26.5842696629214
"733","var",1.95188590724047,0,0.01,1,26.5842696629214
"734","y1",0.981428339387705,0,0.01,1,26.5842696629214
"735","y2",5.12825111467373,0,0.01,1,26.5842696629214
"736","rmse",1.39779000607746,0,50,1,26.5842696629214
"737","unif",25.1225528004738,0,50,1,26.5842696629214
"738","var",18.3662300176106,0,50,1,26.5842696629214
"739","y1",1.01065377095407,0,50,1,26.5842696629214
"740","y2",50.239702716447,0,50,1,26.5842696629214
"741","rmse",1.19768963595922,0,0.01,1,27.6966292134831
"742","unif",2.66480207821632,0,0.01,1,27.6966292134831
"743","var",1.99322970846714,0,0.01,1,27.6966292134831
"744","y1",1.00949134594152,0,0.01,1,27.6966292134831
"745","y2",5.23147760409573,0,0.01,1,27.6966292134831
"746","rmse",1.38142223909875,0,50,1,27.6966292134831
"747","unif",25.1518080778341,0,50,1,27.6966292134831
"748","var",18.2878834021505,0,50,1,27.6966292134831
"749","y1",0.995967893697287,0,50,1,27.6966292134831
"750","y2",50.2933772534192,0,50,1,27.6966292134831
"751","rmse",1.19631291842747,0,0.01,1,28.8089887640449
"752","unif",2.73106103384437,0,0.01,1,28.8089887640449
"753","var",2.01695121478375,0,0.01,1,28.8089887640449
"754","y1",1.00331904083417,0,0.01,1,28.8089887640449
"755","y2",5.36774625323991,0,0.01,1,28.8089887640449
"756","rmse",1.38573329830683,0,50,1,28.8089887640449
"757","unif",25.1531623829377,0,50,1,28.8089887640449
"758","var",17.9454689406005,0,50,1,28.8089887640449
"759","y1",0.993400302886098,0,50,1,28.8089887640449
"760","y2",50.28484528398,0,50,1,28.8089887640449
"761","rmse",1.20731042767762,0,0.01,1,29.9213483146067
"762","unif",2.8049744685974,0,0.01,1,29.9213483146067
"763","var",2.03722834658019,0,0.01,1,29.9213483146067
"764","y1",1.00157630825483,0,0.01,1,29.9213483146067
"765","y2",5.50489048943662,0,0.01,1,29.9213483146067
"766","rmse",1.38880752063176,0,50,1,29.9213483146067
"767","unif",25.118941073155,0,50,1,29.9213483146067
"768","var",17.6362239647952,0,50,1,29.9213483146067
"769","y1",0.998279383507835,0,50,1,29.9213483146067
"770","y2",50.2213998028206,0,50,1,29.9213483146067
"771","rmse",1.18742521275409,0,0.01,1,31.0337078651685
"772","unif",2.83602064474622,0,0.01,1,31.0337078651685
"773","var",2.02751063586429,0,0.01,1,31.0337078651685
"774","y1",0.99547324040812,0,0.01,1,31.0337078651685
"775","y2",5.59697481082117,0,0.01,1,31.0337078651685
"776","rmse",1.39750527233367,0,50,1,31.0337078651685
"777","unif",25.2132473923567,0,50,1,31.0337078651685
"778","var",17.5596190172227,0,50,1,31.0337078651685
"779","y1",1.00157864025405,0,50,1,31.0337078651685
"780","y2",50.4040235853287,0,50,1,31.0337078651685
"781","rmse",1.20813931178687,0,0.01,1,32.1460674157303
"782","unif",2.8781269391352,0,0.01,1,32.1460674157303
"783","var",2.07029070798404,0,0.01,1,32.1460674157303
"784","y1",1.00339407092028,0,0.01,1,32.1460674157303
"785","y2",5.66364809410482,0,0.01,1,32.1460674157303
"786","rmse",1.37710939337667,0,50,1,32.1460674157303
"787","unif",25.139858384069,0,50,1,32.1460674157303
"788","var",17.1697056353204,0,50,1,32.1460674157303
"789","y1",1.00156732978133,0,50,1,32.1460674157303
"790","y2",50.2864909489411,0,50,1,32.1460674157303
"791","rmse",1.20356511390815,0,0.01,1,33.2584269662921
"792","unif",2.89316591926251,0,0.01,1,33.2584269662921
"793","var",2.06453803656413,0,0.01,1,33.2584269662921
"794","y1",0.99703146255677,0,0.01,1,33.2584269662921
"795","y2",5.69368779727613,0,0.01,1,33.2584269662921
"796","rmse",1.36928217854555,0,50,1,33.2584269662921
"797","unif",25.1620012145542,0,50,1,33.2584269662921
"798","var",17.3035521536069,0,50,1,33.2584269662921
"799","y1",0.98810809767985,0,50,1,33.2584269662921
"800","y2",50.3160305950412,0,50,1,33.2584269662921
"801","rmse",1.19609713343263,0,0.01,1,34.3707865168539
"802","unif",2.97758325375235,0,0.01,1,34.3707865168539
"803","var",2.07333917457491,0,0.01,1,34.3707865168539
"804","y1",0.991918216026968,0,0.01,1,34.3707865168539
"805","y2",5.87886140959811,0,0.01,1,34.3707865168539
"806","rmse",1.40378218108572,0,50,1,34.3707865168539
"807","unif",25.1775119135461,0,50,1,34.3707865168539
"808","var",16.8377741940227,0,50,1,34.3707865168539
"809","y1",1.0127228697778,0,50,1,34.3707865168539
"810","y2",50.3451024674267,0,50,1,34.3707865168539
"811","rmse",1.20936241033911,0,0.01,1,35.4831460674157
"812","unif",3.02642698360488,0,0.01,1,35.4831460674157
"813","var",2.08855583182988,0,0.01,1,35.4831460674157
"814","y1",1.00291372729423,0,0.01,1,35.4831460674157
"815","y2",5.97776301638747,0,0.01,1,35.4831460674157
"816","rmse",1.40528383038746,0,50,1,35.4831460674157
"817","unif",25.1375642280778,0,50,1,35.4831460674157
"818","var",16.7377927028187,0,50,1,35.4831460674157
"819","y1",1.01146865859836,0,50,1,35.4831460674157
"820","y2",50.2605190471483,0,50,1,35.4831460674157
"821","rmse",1.21289793058265,0,0.01,1,36.5955056179775
"822","unif",3.08934400134082,0,0.01,1,36.5955056179775
"823","var",2.13011682591103,0,0.01,1,36.5955056179775
"824","y1",0.988633435115331,0,0.01,1,36.5955056179775
"825","y2",6.08218886243459,0,0.01,1,36.5955056179775
"826","rmse",1.39113717801569,0,50,1,36.5955056179775
"827","unif",25.1370482825688,0,50,1,36.5955056179775
"828","var",16.6447030109561,0,50,1,36.5955056179775
"829","y1",0.993994781652852,0,50,1,36.5955056179775
"830","y2",50.2458932811711,0,50,1,36.5955056179775
"831","rmse",1.21488344951992,0,0.01,1,37.7078651685393
"832","unif",3.09073575552402,0,0.01,1,37.7078651685393
"833","var",2.10776026538146,0,0.01,1,37.7078651685393
"834","y1",0.996435145769391,0,0.01,1,37.7078651685393
"835","y2",6.09448454803311,0,0.01,1,37.7078651685393
"836","rmse",1.3872656224132,0,50,1,37.7078651685393
"837","unif",25.1946679768753,0,50,1,37.7078651685393
"838","var",16.5498585744073,0,50,1,37.7078651685393
"839","y1",1.0038997085875,0,50,1,37.7078651685393
"840","y2",50.3861441849109,0,50,1,37.7078651685393
"841","rmse",1.21845625867239,0,0.01,1,38.8202247191011
"842","unif",3.13799133516913,0,0.01,1,38.8202247191011
"843","var",2.12441985542141,0,0.01,1,38.8202247191011
"844","y1",0.998299645776464,0,0.01,1,38.8202247191011
"845","y2",6.19168594969705,0,0.01,1,38.8202247191011
"846","rmse",1.38228354590162,0,50,1,38.8202247191011
"847","unif",25.1650326907369,0,50,1,38.8202247191011
"848","var",16.2509566941121,0,50,1,38.8202247191011
"849","y1",0.988856539850938,0,50,1,38.8202247191011
"850","y2",50.3047333604469,0,50,1,38.8202247191011
"851","rmse",1.22466113985047,0,0.01,1,39.9325842696629
"852","unif",3.20677944220283,0,0.01,1,39.9325842696629
"853","var",2.14718948027165,0,0.01,1,39.9325842696629
"854","y1",0.995497495966147,0,0.01,1,39.9325842696629
"855","y2",6.32214558406545,0,0.01,1,39.9325842696629
"856","rmse",1.38244555808731,0,50,1,39.9325842696629
"857","unif",25.2327719029051,0,50,1,39.9325842696629
"858","var",16.0561970664351,0,50,1,39.9325842696629
"859","y1",1.00163206442932,0,50,1,39.9325842696629
"860","y2",50.4649680349539,0,50,1,39.9325842696629
"861","rmse",1.23080963145678,0,0.01,1,41.0449438202247
"862","unif",3.23171006678852,0,0.01,1,41.0449438202247
"863","var",2.11529124203082,0,0.01,1,41.0449438202247
"864","y1",1.00521058910011,0,0.01,1,41.0449438202247
"865","y2",6.38033216698974,0,0.01,1,41.0449438202247
"866","rmse",1.36438387486797,0,50,1,41.0449438202247
"867","unif",25.1939243816312,0,50,1,41.0449438202247
"868","var",16.2403064322601,0,50,1,41.0449438202247
"869","y1",0.994160579404667,0,50,1,41.0449438202247
"870","y2",50.3986656972326,0,50,1,41.0449438202247
"871","rmse",1.22047514513818,0,0.01,1,42.1573033707865
"872","unif",3.30091257112482,0,0.01,1,42.1573033707865
"873","var",2.16546675141673,0,0.01,1,42.1573033707865
"874","y1",0.998659006008637,0,0.01,1,42.1573033707865
"875","y2",6.53331824592531,0,0.01,1,42.1573033707865
"876","rmse",1.38260656052626,0,50,1,42.1573033707865
"877","unif",25.1480677472567,0,50,1,42.1573033707865
"878","var",15.8631849322778,0,50,1,42.1573033707865
"879","y1",0.996038152230735,0,50,1,42.1573033707865
"880","y2",50.2843156023405,0,50,1,42.1573033707865
"881","rmse",1.21697048645561,0,0.01,1,43.2696629213483
"882","unif",3.33352489141964,0,0.01,1,43.2696629213483
"883","var",2.13324984638145,0,0.01,1,43.2696629213483
"884","y1",0.992107160987302,0,0.01,1,43.2696629213483
"885","y2",6.59715543316686,0,0.01,1,43.2696629213483
"886","rmse",1.38122982909792,0,50,1,43.2696629213483
"887","unif",25.2665497743612,0,50,1,43.2696629213483
"888","var",15.6094726680703,0,50,1,43.2696629213483
"889","y1",0.991217456424747,0,50,1,43.2696629213483
"890","y2",50.5141075170222,0,50,1,43.2696629213483
"891","rmse",1.21606838334644,0,0.01,1,44.3820224719101
"892","unif",3.37049378573598,0,0.01,1,44.3820224719101
"893","var",2.15072759969743,0,0.01,1,44.3820224719101
"894","y1",0.990658834185158,0,0.01,1,44.3820224719101
"895","y2",6.67405212901673,0,0.01,1,44.3820224719101
"896","rmse",1.37220421684906,0,50,1,44.3820224719101
"897","unif",25.2251135116209,0,50,1,44.3820224719101
"898","var",15.388876469012,0,50,1,44.3820224719101
"899","y1",0.995418708061233,0,50,1,44.3820224719101
"900","y2",50.4523313817733,0,50,1,44.3820224719101
"901","rmse",1.238858746367,0,0.01,1,45.4943820224719
"902","unif",3.39207630372045,0,0.01,1,45.4943820224719
"903","var",2.18176570995244,0,0.01,1,45.4943820224719
"904","y1",1.00865899118695,0,0.01,1,45.4943820224719
"905","y2",6.71071990043554,0,0.01,1,45.4943820224719
"906","rmse",1.40463460435429,0,50,1,45.4943820224719
"907","unif",25.2535596358768,0,50,1,45.4943820224719
"908","var",15.3030468219767,0,50,1,45.4943820224719
"909","y1",1.00394173003157,0,50,1,45.4943820224719
"910","y2",50.4789853376792,0,50,1,45.4943820224719
"911","rmse",1.22223171673335,0,0.01,1,46.6067415730337
"912","unif",3.45305279782394,0,0.01,1,46.6067415730337
"913","var",2.13558616801927,0,0.01,1,46.6067415730337
"914","y1",0.987679483675177,0,0.01,1,46.6067415730337
"915","y2",6.83209515909448,0,0.01,1,46.6067415730337
"916","rmse",1.38284471608045,0,50,1,46.6067415730337
"917","unif",25.2298907469498,0,50,1,46.6067415730337
"918","var",15.4465439500051,0,50,1,46.6067415730337
"919","y1",0.99923982463378,0,50,1,46.6067415730337
"920","y2",50.4539931911532,0,50,1,46.6067415730337
"921","rmse",1.24997833103662,0,0.01,1,47.7191011235955
"922","unif",3.49692299756453,0,0.01,1,47.7191011235955
"923","var",2.17805968549768,0,0.01,1,47.7191011235955
"924","y1",0.999246262313723,0,0.01,1,47.7191011235955
"925","y2",6.89661011364873,0,0.01,1,47.7191011235955
"926","rmse",1.38964039237789,0,50,1,47.7191011235955
"927","unif",25.242428263953,0,50,1,47.7191011235955
"928","var",14.9578331401101,0,50,1,47.7191011235955
"929","y1",0.999208937448987,0,50,1,47.7191011235955
"930","y2",50.469220196031,0,50,1,47.7191011235955
"931","rmse",1.24347331473872,0,0.01,1,48.8314606741573
"932","unif",3.5021833172403,0,0.01,1,48.8314606741573
"933","var",2.16053584073651,0,0.01,1,48.8314606741573
"934","y1",1.00936937539156,0,0.01,1,48.8314606741573
"935","y2",6.93552523823913,0,0.01,1,48.8314606741573
"936","rmse",1.36317884319742,0,50,1,48.8314606741573
"937","unif",25.2421193507329,0,50,1,48.8314606741573
"938","var",15.1128710522635,0,50,1,48.8314606741573
"939","y1",0.988726772076971,0,50,1,48.8314606741573
"940","y2",50.4863944243301,0,50,1,48.8314606741573
"941","rmse",1.22679606743807,0,0.01,1,49.9438202247191
"942","unif",3.53168596300439,0,0.01,1,49.9438202247191
"943","var",2.14922231366786,0,0.01,1,49.9438202247191
"944","y1",0.99376135187738,0,0.01,1,49.9438202247191
"945","y2",6.99935255165841,0,0.01,1,49.9438202247191
"946","rmse",1.38106335000399,0,50,1,49.9438202247191
"947","unif",25.2574497431861,0,50,1,49.9438202247191
"948","var",14.9467990570205,0,50,1,49.9438202247191
"949","y1",0.999977506989543,0,50,1,49.9438202247191
"950","y2",50.5131566782115,0,50,1,49.9438202247191
"951","rmse",1.23567319241794,0,0.01,1,51.0561797752809
"952","unif",3.60574573707718,0,0.01,1,51.0561797752809
"953","var",2.17851829281455,0,0.01,1,51.0561797752809
"954","y1",0.996838020732894,0,0.01,1,51.0561797752809
"955","y2",7.144615207394,0,0.01,1,51.0561797752809
"956","rmse",1.36469935127243,0,50,1,51.0561797752809
"957","unif",25.2733613170576,0,50,1,51.0561797752809
"958","var",14.8357183844724,0,50,1,51.0561797752809
"959","y1",0.985826564287214,0,50,1,51.0561797752809
"960","y2",50.5411361156784,0,50,1,51.0561797752809
"961","rmse",1.25796118261615,0,0.01,1,52.1685393258427
"962","unif",3.62920986590279,0,0.01,1,52.1685393258427
"963","var",2.22351711728294,0,0.01,1,52.1685393258427
"964","y1",1.00624343061271,0,0.01,1,52.1685393258427
"965","y2",7.17215273039138,0,0.01,1,52.1685393258427
"966","rmse",1.3663473305219,0,50,1,52.1685393258427
"967","unif",25.2939886991368,0,50,1,52.1685393258427
"968","var",14.5560071347513,0,50,1,52.1685393258427
"969","y1",0.989022000699545,0,50,1,52.1685393258427
"970","y2",50.586251287899,0,50,1,52.1685393258427
"971","rmse",1.25351471718691,0,0.01,1,53.2808988764045
"972","unif",3.72718340032605,0,0.01,1,53.2808988764045
"973","var",2.22335028622287,0,0.01,1,53.2808988764045
"974","y1",1.00239450453255,0,0.01,1,53.2808988764045
"975","y2",7.3778466038665,0,0.01,1,53.2808988764045
"976","rmse",1.38736899561446,0,50,1,53.2808988764045
"977","unif",25.2684518523587,0,50,1,53.2808988764045
"978","var",14.3799496010952,0,50,1,53.2808988764045
"979","y1",1.00485657247403,0,50,1,53.2808988764045
"980","y2",50.5355583677578,0,50,1,53.2808988764045
"981","rmse",1.24095811665399,0,0.01,1,54.3932584269663
"982","unif",3.73231919533617,0,0.01,1,54.3932584269663
"983","var",2.19627737785308,0,0.01,1,54.3932584269663
"984","y1",0.998491828812426,0,0.01,1,54.3932584269663
"985","y2",7.40284434028452,0,0.01,1,54.3932584269663
"986","rmse",1.40242519645375,0,50,1,54.3932584269663
"987","unif",25.2867974261093,0,50,1,54.3932584269663
"988","var",14.063874216156,0,50,1,54.3932584269663
"989","y1",1.00822473770188,0,50,1,54.3932584269663
"990","y2",50.5571027399692,0,50,1,54.3932584269663
"991","rmse",1.24891323271495,0,0.01,1,55.5056179775281
"992","unif",3.74135095907135,0,0.01,1,55.5056179775281
"993","var",2.21181937146604,0,0.01,1,55.5056179775281
"994","y1",0.989809252650563,0,0.01,1,55.5056179775281
"995","y2",7.39379187251521,0,0.01,1,55.5056179775281
"996","rmse",1.39752917599461,0,50,1,55.5056179775281
"997","unif",25.2775079609106,0,50,1,55.5056179775281
"998","var",14.2369778461089,0,50,1,55.5056179775281
"999","y1",1.00326427319133,0,50,1,55.5056179775281
"1000","y2",50.5359274503453,0,50,1,55.5056179775281
"1001","rmse",1.24524289258668,0,0.01,1,56.6179775280899
"1002","unif",3.74620519074747,0,0.01,1,56.6179775280899
"1003","var",2.22274107472947,0,0.01,1,56.6179775280899
"1004","y1",0.996278469976333,0,0.01,1,56.6179775280899
"1005","y2",7.42096690915584,0,0.01,1,56.6179775280899
"1006","rmse",1.38336528002579,0,50,1,56.6179775280899
"1007","unif",25.3526282017389,0,50,1,56.6179775280899
"1008","var",14.2105168916509,0,50,1,56.6179775280899
"1009","y1",1.00283602926917,0,50,1,56.6179775280899
"1010","y2",50.7059175155574,0,50,1,56.6179775280899
"1011","rmse",1.25696133307359,0,0.01,1,57.7303370786517
"1012","unif",3.87666646594447,0,0.01,1,57.7303370786517
"1013","var",2.21353254054501,0,0.01,1,57.7303370786517
"1014","y1",0.99891528260415,0,0.01,1,57.7303370786517
"1015","y2",7.67763114092114,0,0.01,1,57.7303370786517
"1016","rmse",1.38676136024201,0,50,1,57.7303370786517
"1017","unif",25.2662243840299,0,50,1,57.7303370786517
"1018","var",13.7799560819263,0,50,1,57.7303370786517
"1019","y1",0.997596538200418,0,50,1,57.7303370786517
"1020","y2",50.517883562359,0,50,1,57.7303370786517
"1021","rmse",1.24963958803102,0,0.01,1,58.8426966292135
"1022","unif",3.84351767674027,0,0.01,1,58.8426966292135
"1023","var",2.18574191735202,0,0.01,1,58.8426966292135
"1024","y1",1.00207363919903,0,0.01,1,58.8426966292135
"1025","y2",7.62610858769492,0,0.01,1,58.8426966292135
"1026","rmse",1.38196307193017,0,50,1,58.8426966292135
"1027","unif",25.2345072913282,0,50,1,58.8426966292135
"1028","var",14.0568494072185,0,50,1,58.8426966292135
"1029","y1",1.00121218273042,0,50,1,58.8426966292135
"1030","y2",50.4683233357414,0,50,1,58.8426966292135
"1031","rmse",1.24953931063871,0,0.01,1,59.9550561797753
"1032","unif",3.88485811242491,0,0.01,1,59.9550561797753
"1033","var",2.21667296104753,0,0.01,1,59.9550561797753
"1034","y1",1.00235896793298,0,0.01,1,59.9550561797753
"1035","y2",7.71272194577657,0,0.01,1,59.9550561797753
"1036","rmse",1.388164814854,0,50,1,59.9550561797753
"1037","unif",25.3941405808654,0,50,1,59.9550561797753
"1038","var",13.6518075506886,0,50,1,59.9550561797753
"1039","y1",0.999560768170255,0,50,1,59.9550561797753
"1040","y2",50.7757559780488,0,50,1,59.9550561797753
"1041","rmse",1.26670952400807,0,0.01,1,61.0674157303371
"1042","unif",3.95169445088904,0,0.01,1,61.0674157303371
"1043","var",2.23315164926997,0,0.01,1,61.0674157303371
"1044","y1",1.00800625568458,0,0.01,1,61.0674157303371
"1045","y2",7.8329203746622,0,0.01,1,61.0674157303371
"1046","rmse",1.38169076878839,0,50,1,61.0674157303371
"1047","unif",25.329285310172,0,50,1,61.0674157303371
"1048","var",13.4604009113519,0,50,1,61.0674157303371
"1049","y1",0.994047517832314,0,50,1,61.0674157303371
"1050","y2",50.6445485700828,0,50,1,61.0674157303371
"1051","rmse",1.25478752967734,0,0.01,1,62.1797752808989
"1052","unif",3.9632598308958,0,0.01,1,62.1797752808989
"1053","var",2.21732773919893,0,0.01,1,62.1797752808989
"1054","y1",1.00364048714238,0,0.01,1,62.1797752808989
"1055","y2",7.86913213226759,0,0.01,1,62.1797752808989
"1056","rmse",1.39828148843573,0,50,1,62.1797752808989
"1057","unif",25.3794429823665,0,50,1,62.1797752808989
"1058","var",13.311303901041,0,50,1,62.1797752808989
"1059","y1",1.00117004755362,0,50,1,62.1797752808989
"1060","y2",50.7348127146237,0,50,1,62.1797752808989
"1061","rmse",1.2661591928049,0,0.01,1,63.2921348314607
"1062","unif",4.01776236561711,0,0.01,1,63.2921348314607
"1063","var",2.20699533498743,0,0.01,1,63.2921348314607
"1064","y1",1.00511352698745,0,0.01,1,63.2921348314607
"1065","y2",7.96608557815688,0,0.01,1,63.2921348314607
"1066","rmse",1.37404949477954,0,50,1,63.2921348314607
"1067","unif",25.3330542329973,0,50,1,63.2921348314607
"1068","var",13.4519401763511,0,50,1,63.2921348314607
"1069","y1",0.991713812687025,0,50,1,63.2921348314607
"1070","y2",50.6585880205483,0,50,1,63.2921348314607
"1071","rmse",1.26379878751201,0,0.01,1,64.4044943820225
"1072","unif",4.08057202387201,0,0.01,1,64.4044943820225
"1073","var",2.22245550921829,0,0.01,1,64.4044943820225
"1074","y1",1.00724652806575,0,0.01,1,64.4044943820225
"1075","y2",8.10380881645816,0,0.01,1,64.4044943820225
"1076","rmse",1.38023526787503,0,50,1,64.4044943820225
"1077","unif",25.382651187152,0,50,1,64.4044943820225
"1078","var",13.2635515490532,0,50,1,64.4044943820225
"1079","y1",0.991819488380816,0,50,1,64.4044943820225
"1080","y2",50.7491461121183,0,50,1,64.4044943820225
"1081","rmse",1.25476226350814,0,0.01,1,65.5168539325843
"1082","unif",4.0873706941365,0,0.01,1,65.5168539325843
"1083","var",2.21659962452713,0,0.01,1,65.5168539325843
"1084","y1",0.996064506734441,0,0.01,1,65.5168539325843
"1085","y2",8.11361207661749,0,0.01,1,65.5168539325843
"1086","rmse",1.38208936331546,0,50,1,65.5168539325843
"1087","unif",25.3029869553358,0,50,1,65.5168539325843
"1088","var",12.9428802424761,0,50,1,65.5168539325843
"1089","y1",0.997591590614123,0,50,1,65.5168539325843
"1090","y2",50.5982166704951,0,50,1,65.5168539325843
"1091","rmse",1.26108504464861,0,0.01,1,66.6292134831461
"1092","unif",4.08028645259507,0,0.01,1,66.6292134831461
"1093","var",2.23204455421538,0,0.01,1,66.6292134831461
"1094","y1",1.00568100150384,0,0.01,1,66.6292134831461
"1095","y2",8.10498483430329,0,0.01,1,66.6292134831461
"1096","rmse",1.37786623676944,0,50,1,66.6292134831461
"1097","unif",25.3358844466224,0,50,1,66.6292134831461
"1098","var",12.9952552708244,0,50,1,66.6292134831461
"1099","y1",0.994589766796002,0,50,1,66.6292134831461
"1100","y2",50.6643352698361,0,50,1,66.6292134831461
"1101","rmse",1.26111168483409,0,0.01,1,67.7415730337079
"1102","unif",4.15516583326757,0,0.01,1,67.7415730337079
"1103","var",2.22899745757403,0,0.01,1,67.7415730337079
"1104","y1",0.994976945573507,0,0.01,1,67.7415730337079
"1105","y2",8.24170103474062,0,0.01,1,67.7415730337079
"1106","rmse",1.3803777062441,0,50,1,67.7415730337079
"1107","unif",25.3655082469467,0,50,1,67.7415730337079
"1108","var",13.0734695938423,0,50,1,67.7415730337079
"1109","y1",0.995125773687042,0,50,1,67.7415730337079
"1110","y2",50.7210578236456,0,50,1,67.7415730337079
"1111","rmse",1.25519157162164,0,0.01,1,68.8539325842697
"1112","unif",4.14708440232218,0,0.01,1,68.8539325842697
"1113","var",2.22852902547509,0,0.01,1,68.8539325842697
"1114","y1",0.990286292326337,0,0.01,1,68.8539325842697
"1115","y2",8.22660894390228,0,0.01,1,68.8539325842697
"1116","rmse",1.3682098135141,0,50,1,68.8539325842697
"1117","unif",25.4022335609907,0,50,1,68.8539325842697
"1118","var",12.945327217145,0,50,1,68.8539325842697
"1119","y1",0.984033121459421,0,50,1,68.8539325842697
"1120","y2",50.7905688878001,0,50,1,68.8539325842697
"1121","rmse",1.26865621229265,0,0.01,1,69.9662921348315
"1122","unif",4.2056848349136,0,0.01,1,69.9662921348315
"1123","var",2.25043077008866,0,0.01,1,69.9662921348315
"1124","y1",1.00427478798899,0,0.01,1,69.9662921348315
"1125","y2",8.34980837913083,0,0.01,1,69.9662921348315
"1126","rmse",1.40713599757989,0,50,1,69.9662921348315
"1127","unif",25.3337050102335,0,50,1,69.9662921348315
"1128","var",12.745519704425,0,50,1,69.9662921348315
"1129","y1",1.01564074205517,0,50,1,69.9662921348315
"1130","y2",50.658623049978,0,50,1,69.9662921348315
"1131","rmse",1.26072707538738,0,0.01,1,71.0786516853933
"1132","unif",4.2515378637068,0,0.01,1,71.0786516853933
"1133","var",2.22635316017047,0,0.01,1,71.0786516853933
"1134","y1",0.998434063731166,0,0.01,1,71.0786516853933
"1135","y2",8.44745122547099,0,0.01,1,71.0786516853933
"1136","rmse",1.39913818819049,0,50,1,71.0786516853933
"1137","unif",25.3947119798041,0,50,1,71.0786516853933
"1138","var",12.6207006831545,0,50,1,71.0786516853933
"1139","y1",1.00020649199465,0,50,1,71.0786516853933
"1140","y2",50.7622482796372,0,50,1,71.0786516853933
"1141","rmse",1.26607509675344,0,0.01,1,72.1910112359551
"1142","unif",4.28796901668674,0,0.01,1,72.1910112359551
"1143","var",2.2490706712516,0,0.01,1,72.1910112359551
"1144","y1",0.996169533012815,0,0.01,1,72.1910112359551
"1145","y2",8.51012094233716,0,0.01,1,72.1910112359551
"1146","rmse",1.38656014912724,0,50,1,72.1910112359551
"1147","unif",25.2933486242755,0,50,1,72.1910112359551
"1148","var",12.5866751692237,0,50,1,72.1910112359551
"1149","y1",0.994822042578622,0,50,1,72.1910112359551
"1150","y2",50.5670657323845,0,50,1,72.1910112359551
"1151","rmse",1.27144980206537,0,0.01,1,73.3033707865169
"1152","unif",4.35089723834774,0,0.01,1,73.3033707865169
"1153","var",2.22891087579183,0,0.01,1,73.3033707865169
"1154","y1",1.00454915657481,0,0.01,1,73.3033707865169
"1155","y2",8.64568978441838,0,0.01,1,73.3033707865169
"1156","rmse",1.39491637836517,0,50,1,73.3033707865169
"1157","unif",25.3345605471538,0,50,1,73.3033707865169
"1158","var",12.3419334584209,0,50,1,73.3033707865169
"1159","y1",1.00899490276461,0,50,1,73.3033707865169
"1160","y2",50.6650589091253,0,50,1,73.3033707865169
"1161","rmse",1.25914604840366,0,0.01,1,74.4157303370787
"1162","unif",4.34999201978874,0,0.01,1,74.4157303370787
"1163","var",2.21665785752245,0,0.01,1,74.4157303370787
"1164","y1",0.993819633548263,0,0.01,1,74.4157303370787
"1165","y2",8.6452702828552,0,0.01,1,74.4157303370787
"1166","rmse",1.40495727553785,0,50,1,74.4157303370787
"1167","unif",25.4440914959987,0,50,1,74.4157303370787
"1168","var",12.4335226185348,0,50,1,74.4157303370787
"1169","y1",1.00723253759042,0,50,1,74.4157303370787
"1170","y2",50.8663923784054,0,50,1,74.4157303370787
"1171","rmse",1.28078183615207,0,0.01,1,75.5280898876404
"1172","unif",4.38829932503214,0,0.01,1,75.5280898876404
"1173","var",2.24101506126481,0,0.01,1,75.5280898876404
"1174","y1",1.00441421233437,0,0.01,1,75.5280898876404
"1175","y2",8.70750593960172,0,0.01,1,75.5280898876404
"1176","rmse",1.38087582873895,0,50,1,75.5280898876404
"1177","unif",25.3649122071731,0,50,1,75.5280898876404
"1178","var",12.1181765010779,0,50,1,75.5280898876404
"1179","y1",0.999522389900608,0,50,1,75.5280898876404
"1180","y2",50.7276754787758,0,50,1,75.5280898876404
"1181","rmse",1.25457264042241,0,0.01,1,76.6404494382023
"1182","unif",4.40217796463527,0,0.01,1,76.6404494382023
"1183","var",2.18998925044545,0,0.01,1,76.6404494382023
"1184","y1",0.993479161835888,0,0.01,1,76.6404494382023
"1185","y2",8.75959680649496,0,0.01,1,76.6404494382023
"1186","rmse",1.38935884598023,0,50,1,76.6404494382023
"1187","unif",25.409510376198,0,50,1,76.6404494382023
"1188","var",12.0132896905667,0,50,1,76.6404494382023
"1189","y1",0.999545123042961,0,50,1,76.6404494382023
"1190","y2",50.8047684212137,0,50,1,76.6404494382023
"1191","rmse",1.26820678889251,0,0.01,1,77.752808988764
"1192","unif",4.4657335766174,0,0.01,1,77.752808988764
"1193","var",2.20905183941491,0,0.01,1,77.752808988764
"1194","y1",0.994519903396813,0,0.01,1,77.752808988764
"1195","y2",8.87035911709904,0,0.01,1,77.752808988764
"1196","rmse",1.40632017245455,0,50,1,77.752808988764
"1197","unif",25.3862416922529,0,50,1,77.752808988764
"1198","var",12.0788944385673,0,50,1,77.752808988764
"1199","y1",1.01088743012953,0,50,1,77.752808988764
"1200","y2",50.7557350583858,0,50,1,77.752808988764
"1201","rmse",1.26940221516023,0,0.01,1,78.8651685393259
"1202","unif",4.46988313171334,0,0.01,1,78.8651685393259
"1203","var",2.2063984023335,0,0.01,1,78.8651685393259
"1204","y1",1.00003862639432,0,0.01,1,78.8651685393259
"1205","y2",8.88650315377646,0,0.01,1,78.8651685393259
"1206","rmse",1.38623995055483,0,50,1,78.8651685393259
"1207","unif",25.3755130345938,0,50,1,78.8651685393259
"1208","var",12.1339148512701,0,50,1,78.8651685393259
"1209","y1",1.00328114881335,0,50,1,78.8651685393259
"1210","y2",50.7484610266334,0,50,1,78.8651685393259
"1211","rmse",1.27209450704471,0,0.01,1,79.9775280898876
"1212","unif",4.54082784725601,0,0.01,1,79.9775280898876
"1213","var",2.20118798713408,0,0.01,1,79.9775280898876
"1214","y1",1.0015449498786,0,0.01,1,79.9775280898876
"1215","y2",9.03081698874562,0,0.01,1,79.9775280898876
"1216","rmse",1.39323770380834,0,50,1,79.9775280898876
"1217","unif",25.3972828757231,0,50,1,79.9775280898876
"1218","var",11.8700221169921,0,50,1,79.9775280898876
"1219","y1",0.998962330122267,0,50,1,79.9775280898876
"1220","y2",50.7735345395611,0,50,1,79.9775280898876
"1221","rmse",1.28003506988155,0,0.01,1,81.0898876404494
"1222","unif",4.56407353738596,0,0.01,1,81.0898876404494
"1223","var",2.22470936774078,0,0.01,1,81.0898876404494
"1224","y1",0.998552428834404,0,0.01,1,81.0898876404494
"1225","y2",9.06069476087625,0,0.01,1,81.0898876404494
"1226","rmse",1.39561824774654,0,50,1,81.0898876404494
"1227","unif",25.3859451984425,0,50,1,81.0898876404494
"1228","var",11.7789245425307,0,50,1,81.0898876404494
"1229","y1",1.01068353130235,0,50,1,81.0898876404494
"1230","y2",50.7701874893499,0,50,1,81.0898876404494
"1231","rmse",1.28318271977502,0,0.01,1,82.2022471910112
"1232","unif",4.59869951887735,0,0.01,1,82.2022471910112
"1233","var",2.23844414639551,0,0.01,1,82.2022471910112
"1234","y1",0.996009518015294,0,0.01,1,82.2022471910112
"1235","y2",9.12241654967318,0,0.01,1,82.2022471910112
"1236","rmse",1.36956553388701,0,50,1,82.2022471910112
"1237","unif",25.4013297919748,0,50,1,82.2022471910112
"1238","var",11.6419685088521,0,50,1,82.2022471910112
"1239","y1",0.994593994382285,0,50,1,82.2022471910112
"1240","y2",50.8072868374486,0,50,1,82.2022471910112
"1241","rmse",1.28365562664622,0,0.01,1,83.314606741573
"1242","unif",4.57079291608105,0,0.01,1,83.314606741573
"1243","var",2.23663737436334,0,0.01,1,83.314606741573
"1244","y1",1.0052045158434,0,0.01,1,83.314606741573
"1245","y2",9.08022548723516,0,0.01,1,83.314606741573
"1246","rmse",1.37199351856061,0,50,1,83.314606741573
"1247","unif",25.3571373241709,0,50,1,83.314606741573
"1248","var",11.5318457886957,0,50,1,83.314606741573
"1249","y1",0.986888661681466,0,50,1,83.314606741573
"1250","y2",50.700384439917,0,50,1,83.314606741573
"1251","rmse",1.28420664759639,0,0.01,1,84.4269662921348
"1252","unif",4.71095735755361,0,0.01,1,84.4269662921348
"1253","var",2.24136135568858,0,0.01,1,84.4269662921348
"1254","y1",1.00066973439007,0,0.01,1,84.4269662921348
"1255","y2",9.35963654728735,0,0.01,1,84.4269662921348
"1256","rmse",1.40569395604986,0,50,1,84.4269662921348
"1257","unif",25.4153302284341,0,50,1,84.4269662921348
"1258","var",11.4150618436566,0,50,1,84.4269662921348
"1259","y1",1.0013132394283,0,50,1,84.4269662921348
"1260","y2",50.7961407841093,0,50,1,84.4269662921348
"1261","rmse",1.27672977825487,0,0.01,1,85.5393258426966
"1262","unif",4.67512305155071,0,0.01,1,85.5393258426966
"1263","var",2.21282792004741,0,0.01,1,85.5393258426966
"1264","y1",1.00524911703591,0,0.01,1,85.5393258426966
"1265","y2",9.30592014170337,0,0.01,1,85.5393258426966
"1266","rmse",1.40407343315828,0,50,1,85.5393258426966
"1267","unif",25.4630600236879,0,50,1,85.5393258426966
"1268","var",11.4733500834659,0,50,1,85.5393258426966
"1269","y1",1.0120764863127,0,50,1,85.5393258426966
"1270","y2",50.9150849809397,0,50,1,85.5393258426966
"1271","rmse",1.25661208091569,0,0.01,1,86.6516853932584
"1272","unif",4.68742146399651,0,0.01,1,86.6516853932584
"1273","var",2.1996994768141,0,0.01,1,86.6516853932584
"1274","y1",0.990962676290914,0,0.01,1,86.6516853932584
"1275","y2",9.33849588303559,0,0.01,1,86.6516853932584
"1276","rmse",1.4091422273114,0,50,1,86.6516853932584
"1277","unif",25.4627914865182,0,50,1,86.6516853932584
"1278","var",11.0697226491148,0,50,1,86.6516853932584
"1279","y1",1.00667928448178,0,50,1,86.6516853932584
"1280","y2",50.8966617199604,0,50,1,86.6516853932584
"1281","rmse",1.26907325222053,0,0.01,1,87.7640449438202
"1282","unif",4.75699136572368,0,0.01,1,87.7640449438202
"1283","var",2.20333172239607,0,0.01,1,87.7640449438202
"1284","y1",1.00057360972169,0,0.01,1,87.7640449438202
"1285","y2",9.47810678113031,0,0.01,1,87.7640449438202
"1286","rmse",1.39916201039221,0,50,1,87.7640449438202
"1287","unif",25.426457350904,0,50,1,87.7640449438202
"1288","var",11.1627383827037,0,50,1,87.7640449438202
"1289","y1",1.00856561065368,0,50,1,87.7640449438202
"1290","y2",50.8420772558364,0,50,1,87.7640449438202
"1291","rmse",1.26880269781054,0,0.01,1,88.876404494382
"1292","unif",4.77459487856972,0,0.01,1,88.876404494382
"1293","var",2.17703722172856,0,0.01,1,88.876404494382
"1294","y1",1.00139483484902,0,0.01,1,88.876404494382
"1295","y2",9.51606988178636,0,0.01,1,88.876404494382
"1296","rmse",1.38156892693439,0,50,1,88.876404494382
"1297","unif",25.4764538998818,0,50,1,88.876404494382
"1298","var",10.9886952794897,0,50,1,88.876404494382
"1299","y1",0.991370873653542,0,50,1,88.876404494382
"1300","y2",50.9341216054898,0,50,1,88.876404494382
"1301","rmse",1.28479946350451,0,0.01,1,89.9887640449438
"1302","unif",4.76500263587099,0,0.01,1,89.9887640449438
"1303","var",2.20508329885272,0,0.01,1,89.9887640449438
"1304","y1",1.00258424662089,0,0.01,1,89.9887640449438
"1305","y2",9.47300361746778,0,0.01,1,89.9887640449438
"1306","rmse",1.3897093846722,0,50,1,89.9887640449438
"1307","unif",25.4897865023428,0,50,1,89.9887640449438
"1308","var",11.1193907305105,0,50,1,89.9887640449438
"1309","y1",1.00446843424458,0,50,1,89.9887640449438
"1310","y2",50.9745339728439,0,50,1,89.9887640449438
"1311","rmse",1.27275604105053,0,0.01,1,91.1011235955056
"1312","unif",4.75064993813835,0,0.01,1,91.1011235955056
"1313","var",2.2069123158102,0,0.01,1,91.1011235955056
"1314","y1",0.995979950939529,0,0.01,1,91.1011235955056
"1315","y2",9.45128422460589,0,0.01,1,91.1011235955056
"1316","rmse",1.38002771242841,0,50,1,91.1011235955056
"1317","unif",25.3831686400878,0,50,1,91.1011235955056
"1318","var",10.9864630427396,0,50,1,91.1011235955056
"1319","y1",0.999041307947582,0,50,1,91.1011235955056
"1320","y2",50.7645110154782,0,50,1,91.1011235955056
"1321","rmse",1.29373136595151,0,0.01,1,92.2134831460674
"1322","unif",4.83711535232092,0,0.01,1,92.2134831460674
"1323","var",2.21708400400423,0,0.01,1,92.2134831460674
"1324","y1",1.00119349948641,0,0.01,1,92.2134831460674
"1325","y2",9.60426777159352,0,0.01,1,92.2134831460674
"1326","rmse",1.39084117856863,0,50,1,92.2134831460674
"1327","unif",25.459556369665,0,50,1,92.2134831460674
"1328","var",11.096585333891,0,50,1,92.2134831460674
"1329","y1",0.997145851283519,0,50,1,92.2134831460674
"1330","y2",50.8981289005937,0,50,1,92.2134831460674
"1331","rmse",1.2718302146328,0,0.01,1,93.3258426966292
"1332","unif",4.85623427082475,0,0.01,1,93.3258426966292
"1333","var",2.1582052175245,0,0.01,1,93.3258426966292
"1334","y1",0.996798792006656,0,0.01,1,93.3258426966292
"1335","y2",9.67072918539528,0,0.01,1,93.3258426966292
"1336","rmse",1.37877793480418,0,50,1,93.3258426966292
"1337","unif",25.5735417454448,0,50,1,93.3258426966292
"1338","var",10.9041951592781,0,50,1,93.3258426966292
"1339","y1",1.00093515169113,0,50,1,93.3258426966292
"1340","y2",51.1510706810343,0,50,1,93.3258426966292
"1341","rmse",1.29943139320258,0,0.01,1,94.438202247191
"1342","unif",4.9297560629299,0,0.01,1,94.438202247191
"1343","var",2.22408206228159,0,0.01,1,94.438202247191
"1344","y1",1.0121882618356,0,0.01,1,94.438202247191
"1345","y2",9.80440156296599,0,0.01,1,94.438202247191
"1346","rmse",1.3790832828353,0,50,1,94.438202247191
"1347","unif",25.4572205802561,0,50,1,94.438202247191
"1348","var",10.6716635263742,0,50,1,94.438202247191
"1349","y1",0.992031041522522,0,50,1,94.438202247191
"1350","y2",50.9005041857322,0,50,1,94.438202247191
"1351","rmse",1.27304903019358,0,0.01,1,95.5505617977528
"1352","unif",4.95761824387505,0,0.01,1,95.5505617977528
"1353","var",2.19143218237823,0,0.01,1,95.5505617977528
"1354","y1",0.997569940321102,0,0.01,1,95.5505617977528
"1355","y2",9.87784949324424,0,0.01,1,95.5505617977528
"1356","rmse",1.38078555664485,0,50,1,95.5505617977528
"1357","unif",25.5054035515962,0,50,1,95.5505617977528
"1358","var",10.6927543461573,0,50,1,95.5505617977528
"1359","y1",0.992658133409162,0,50,1,95.5505617977528
"1360","y2",50.9957204218914,0,50,1,95.5505617977528
"1361","rmse",1.26709485835714,0,0.01,1,96.6629213483146
"1362","unif",4.90041854340993,0,0.01,1,96.6629213483146
"1363","var",2.20218244281466,0,0.01,1,96.6629213483146
"1364","y1",0.983248880547511,0,0.01,1,96.6629213483146
"1365","y2",9.74513776999198,0,0.01,1,96.6629213483146
"1366","rmse",1.37852258139998,0,50,1,96.6629213483146
"1367","unif",25.3765635811741,0,50,1,96.6629213483146
"1368","var",10.7561939769683,0,50,1,96.6629213483146
"1369","y1",0.998352718877513,0,50,1,96.6629213483146
"1370","y2",50.752118965361,0,50,1,96.6629213483146
"1371","rmse",1.29462601366128,0,0.01,1,97.7752808988764
"1372","unif",5.03532187758023,0,0.01,1,97.7752808988764
"1373","var",2.20597563099079,0,0.01,1,97.7752808988764
"1374","y1",1.00662819970345,0,0.01,1,97.7752808988764
"1375","y2",10.0186274440865,0,0.01,1,97.7752808988764
"1376","rmse",1.40663139037259,0,50,1,97.7752808988764
"1377","unif",25.4747045102515,0,50,1,97.7752808988764
"1378","var",10.5318195989412,0,50,1,97.7752808988764
"1379","y1",1.0070748924565,0,50,1,97.7752808988764
"1380","y2",50.9249384562173,0,50,1,97.7752808988764
"1381","rmse",1.26715180282181,0,0.01,1,98.8876404494382
"1382","unif",4.99209826888168,0,0.01,1,98.8876404494382
"1383","var",2.1856554824459,0,0.01,1,98.8876404494382
"1384","y1",0.988502528499936,0,0.01,1,98.8876404494382
"1385","y2",9.94193774992556,0,0.01,1,98.8876404494382
"1386","rmse",1.37717975849789,0,50,1,98.8876404494382
"1387","unif",25.4773388851209,0,50,1,98.8876404494382
"1388","var",10.5328864547372,0,50,1,98.8876404494382
"1389","y1",0.990533655190257,0,50,1,98.8876404494382
"1390","y2",50.9406140349165,0,50,1,98.8876404494382
"1391","rmse",1.28094440568302,0,0.01,1,100
"1392","unif",4.97655450589364,0,0.01,1,100
"1393","var",2.17198992646424,0,0.01,1,100
"1394","y1",1.00077290219259,0,0.01,1,100
"1395","y2",9.90973048986158,0,0.01,1,100
"1396","rmse",1.39922667735088,0,50,1,100
"1397","unif",25.5054387399009,0,50,1,100
"1398","var",10.438352031571,0,50,1,100
"1399","y1",1.00602835862447,0,50,1,100
"1400","y2",50.9951618230136,0,50,1,100
